{
  "extension_map": {
    "Imagenes": [
      "jpg",
      "jpeg",
      "png",
      "gif",
      "bmp",
      "tiff",
      "webp"
    ],
    "Documentos": [
      "pdf",
      "doc",
      "docx",
      "txt",
      "rtf",
      "xlsx",
      "xls",
      "pptx",
      "ppt",
      "odt",
      "csv"
    ],
    "Comprimidos": [
      "zip",
      "rar",
      "7z",
      "tar",
      "gz"
    ],
    "Videos": [
      "mp4",
      "avi",
      "mkv",
      "mov",
      "wmv"
    ],
    "Musica": [
      "mp3",
      "wav",
      "flac",
      "aac",
      "ogg"
    ],
    "Instaladores": [
      "exe",
      "msi",
      "dmg"
    ],
    "CAD": [
      "dwg",
      "dxf",
      "step",
      "stp",
      "igs",
      "iges",
      "sldprt",
      "sldasm"
    ],
    "Codigo": [
      "py",
      "js",
      "ts",
      "java",
      "cs",
      "cpp",
      "c",
      "rb",
      "php",
      "go",
      "rs",
      "sql",
      "ps1",
      "sh",
      "bat"
    ]
  },
  "include_subfolders": true,
  "organize_by_date": true,
  "date_source": "mtime",
  "date_format": "YYYY/MMMM",
  "handle_duplicates": "rename",
  "ignore_patterns": [
    "^~",
    "^\\.",
    "thumbs\\.db$",
    "\\.tmp$",
    "\\.part$"
  ],
  "others_folder": "Otros",
  "log_file": "organizador.log"
}